Parent Item #,Child Item #,Quantity
24029-D,24000G,1.0
3-24000,24000G,3.0
35079,24000G,1.0
35110,24000G,1.0
38169,24000G,1.0
38220,24000G,1.0
38094,24004,1.0
24030-D,24004,1.0
18011,24004,1.0
24000-D,24004,1.0
24013D,24004,1.0
24022-D,24004,1.0
24027-D,24004,1.0
24035-D,24004,1.0
24039-D,24004,1.0
24043-D,24004,1.0
24047-D,24004,1.0
24101,24004,1.0
35119,24004,1.0
37029,24004,1.0
37032,24004,1.0
37108,24004,1.0
37109,24004,1.0
38098,24004,1.0
38166,24004,1.0
39041,24004,1.0
38066W,24004,1.0
24026-D,24004,1.0
24028-D,24004,1.0
24037-D,24004,1.0
24038-D,24004,1.0
24048-D,24004,1.0
38159,24004,1.0
38164,24004,1.0
38168,24004,1.0
38174,24004,1.0
18010,24004,1.0
18020,24004,1.0
18043,24004,1.0
18046,24004,1.0
19042,24004,1.0
19043,24004,1.0
19044T,24004,1.0
19048,24004,1.0
24011D,24004,1.0
24015D,24004,1.0
24018D,24004,1.0
24019D,24004,1.0
24020-D,24004,1.0
24021-D,24004,1.0
24023-D,24004,1.0
24024-D,24004,1.0
24040-D,24004,1.0
24042-D,24004,1.0
24044-D,24004,1.0
24046-D,24004,1.0
24049-D,24004,1.0
24050-D,24004,1.0
24051-D,24004,1.0
24107,24004,1.0
24041-D,24004,1.0
24110,24004,1.0
35079,24004,1.0
35089-GS,24004,1.0
35110,24004,1.0
35125,24004,1.0
35170,24004,1.0
36024,24004,1.0
36037,24004,1.0
37062,24004,2.0
37075,24004,1.0
38068-D,24004,1.0
38162,24004,1.0
38163,24004,1.0
38165,24004,1.0
38167,24004,1.0
38169,24004,1.0
38170,24004,1.0
38173,24004,1.0
38219,24004,1.0
38220,24004,1.0
38301,24004,1.0
38310,24004,1.0
39022,24004,1.0
39023,24004,1.0
"24052-D:
5. Silver Whirley Pop + 2 RT 5 Packs",24004-A,1.0
"24053-D:
6. Whirley Pop/ 2 RT Kits/ Seeaon Reel/ 1 Lg Red/White Tub & 2 Sm Yellow Tubs",24004-A,1.0
"24054-D
7. Whirley Pop/2lb Yellow/16oz RT Oil/Scoop/1 med & 2 sm Nostalgic",24004-A,1.0
"24055-D
9. WP MG/  Pop’n Sprinkle /4 Black Pop Open",24004-A,1.0
"24056-D
10.  Whirley Pop with/ Santa & Reindeer Holiday Popcorn Tubes/ 4 - 1oz Season/ 4 Reindeer Pop Open & 3oz Classic Blend",24004-A,1.0
"24057-D
11. Whirley Pop w/ MG & Snowman Tube/ 3 -1oz/2 Large Red/White Tub",24004-A,1.0
"24058-D
12. WP MG/ Sweet Creations Carmel Corn Kit / SS Bowl",24004-A,1.0
"24059-D
13.  Silver Metal Gear with mini jug oil and kernels",24004-A,1.0
"24060-D
14. WP MG/12 Days of Popcorn Seasoning Advent Calendar & Tin Soldier /4 Black Pop Open",24004-A,1.0
"24061-D
15.  WP MG/Santa, Snowman & Reindeer Holiday Tubes, 3 - 1oz Season",24004-A,1.0
"24062-D
17. WP MG/ 12 Days Popcorn Advent Book/1 oz - Ranch & MT",24004-A,1.0
"24063-D
18. WP MG/ 6oz Mushroom/ Caramel & Blue Rasp Glaze",24004-A,1.0
"37109 (on web)
19. WP MG/ Movie Theater Duo",24004-A,1.0
"24064-D
20.  WP MG/ Jingle & Love Popcorn Jars/ Cooke Dough Seas/ 2 Black Pop open tubs",24004-A,1.0
"24065-D
21. WP MG/ Movie Marquee Set",24004-A,1.0
"24066-D
25. WP MG/ RT, LSLO & KK Kits/ Funtime Bowl",24004-A,1.0
24000-ND,24004-NA,1.0
24101N,24004-NA,1.0
24107N,24004-N,1.0
3-24000N,24004-N,3.0
25015-D,25015,1.0
24034-D,25008T-N,3.0
18016,26002-A,1.0
38025,26002-A,1.0
38028,26002-A,1.0
38157,26002-A,1.0
18025,26002-A,1.0
26014D,26002-A,1.0
26023-D,26002-A,1.0
26035-D,26002-A,1.0
26039-D,26002-A,1.0
26043-D,26002-A,1.0
26047-D,26002-A,1.0
26117,26002-A,1.0
35122,26002-A,1.0
37035,26002-A,1.0
37211,26002-A,1.0
38037,26002-A,1.0
38075-D,26002-A,1.0
38097,26002-A,1.0
38306,26002-A,1.0
24109D,26002-A,1.0
18019,26002-A,1.0
26022-D,26002-A,1.0
26037-D,26002-A,1.0
26038-D,26002-A,1.0
26041-D,26002-A,1.0
26044-D,26002-A,1.0
26048-D,26002-A,1.0
38062-D,26002-A,1.0
19049,26002-A,1.0
19050,26002-A,1.0
19051,26002-A,1.0
26015D2,26002-A,1.0
26040-D,26002-A,1.0
26042-D,26002-A,1.0
26046-D,26002-A,1.0
26049-D,26002-A,1.0
26050-D,26002-A,1.0
26051-D,26002-A,1.0
36012,26002-A,1.0
37107,26002-A,1.0
38032,26002-A,1.0
38093,26002-A,1.0
38179,26002-A,1.0
26006-ND,26002-NA,1.0
26117N,26002-NA,1.0
3-26107N,26002-NA,3.0
26006-D,26006-L,1.0
26029-D,26006-L,1.0
26019D,26006-L,1.0
21007,26006-L,1.0
3-26107,26006-L,3.0
36012,26006-L,1.0
26007DS,29007,1.0
36052,29007,1.0
19062,29007,1.0
19063T,29007,1.0
19064,29007,1.0
29010-D,29007,1.0
3-26007DS,29007,3.0
37034,29007,1.0
37205,29007,1.0
26007DSN,29007-N,1.0
36052N,29007-N,1.0
3-26007DSN,29007-N,3.0
28010-D,28010-D,1.0
28029-D,28010-D,1.0
28035-D,28010-D,1.0
38096,28010-D,1.0
26030-D,28010-D,1.0
28019-D,28010-D,1.0
28040-D,28010-D,1.0
3-24003DS,28010-D,3.0
38092,28010-D,1.0
19060,28010-D,1.0
36038,28011,1.0
37043,28011,1.0
38043,28011,1.0
28030-D,28011,1.0
18007,28011,1.0
28013D,28011,1.0
28039-D,28011,1.0
28043-D,28011,1.0
28047-D,28011,1.0
36053,28011,1.0
37027,28011,1.0
37106,28011,1.0
28037-D,28011,1.0
28038-D,28011,1.0
28041-D,28011,1.0
28044-D,28011,1.0
28048-D,28011,1.0
37201,28011,1.0
18008,28011,1.0
19056,28011,1.0
28042-D,28011,1.0
28046-D,28011,1.0
28049-D,28011,1.0
28050-D,28011,1.0
28051-D,28011,1.0
37036,28011,1.0
38031,28011,1.0
38071-D,28011,1.0
38099,28011,1.0
38154,32007,1.0
38156,32007,1.0
38158,32007,1.0
38161,32007,1.0
23000-D,23000,1.0
28014D,23000,1.0
23017,23000,1.0
23019-D,23000,1.0
23022-D,23000,1.0
23030-D,23010,1.0
38087,23010,1.0
23010-D,23010,1.0
23012,23010,1.0
23016,23010,1.0
23029-D,23010,1.0
23035-D,23010,1.0
23039-D,23010,1.0
23043-D,23010,1.0
23047-D,23010,1.0
28018D,23010,1.0
38088,23010,1.0
38089,23010,1.0
38091,23010,1.0
38095,23010,1.0
19061,23010,1.0
19041,23010,1.0
23037-D,23010,1.0
23038-D,23010,1.0
23041-D,23010,1.0
23048-D,23010,1.0
23018-D,23010,1.0
23021-D,23010,1.0
23040-D,23010,1.0
23042-D,23010,1.0
23044-D,23010,1.0
23046-D,23010,1.0
23049-D,23010,1.0
23050-D,23010,1.0
23051-D,23010,1.0
38090,23010,1.0
27005-D,27005,1.0
35006-D,27005,1.0
38160,27008,1.0
39044,27008,1.0
"22.  35009
Open Fire & Open Fire 5 Pack",35060-L,1.0
27100-D,27100,1.0
27101-D,27100,1.0
38040,27100,1.0
27102,27100,1.0
"24066-D
25. WP MG/ RT, LSLO & KK Kits/ Funtime Bowl",43020,1.0
WAR45073F,43020,6.0
24023-D,43020,1.0
19050,43020,1.0
19051,43020,1.0
19066,43020,1.0
28029-D,43600,2.0
28035-D,43600,2.0
38096,43600,2.0
23029-D,43600,2.0
23035-D,43600,3.0
38091,43600,1.0
38095,43600,3.0
38094,43600,1.0
24000-D,43600,1.0
24000-ND,43600,1.0
24029-D,43600,3.0
24035-D,43600,3.0
38098,43600,3.0
38166,43600,2.0
39041,43600,2.0
26006-ND,43600,1.0
26029-D,43600,3.0
26035-D,43600,3.0
38097,43600,3.0
35088,43600,0.895
38050-D,43600,3.0
"24053-D:
6. Whirley Pop/ 2 RT Kits/ Seeaon Reel/ 1 Lg Red/White Tub & 2 Sm Yellow Tubs",43600,2.0
"24066-D
25. WP MG/ RT, LSLO & KK Kits/ Funtime Bowl",43600,1.0
WAR45077,43600,2.0
WAR45073F,43600,2.0
28019-D,43600,2.0
38031,43600,3.0
23018-D,43600,3.0
38090,43600,2.0
24034-D,43600,3.0
24021-D,43600,3.0
24023-D,43600,2.0
3-24000N,43600,3.0
35089-GS,43600,4.0
19050,43600,1.0
19051,43600,1.0
3-26107N,43600,3.0
38032,43600,1.0
38093,43600,1.0
23019-D,43600,3.0
23022-D,43600,3.0
29010-D,43600,3.0
3-26007DS,43600,3.0
3-26007DSN,43600,3.0
19066,43600,1.0
38013,43600,4.0
38049-D,43600,3.0
39044,43601,2.0
43605,43605,1.0
43605-4,43605,4.0
43614,43605,1.0
"22.  35009
Open Fire & Open Fire 5 Pack",43605,1.0
36053,43615,1.0
37106,43615,1.0
23016,43615,1.0
35119,43615,1.0
37029,43615,1.0
37032,43615,1.0
37108,43615,1.0
26117,43615,1.0
26117N,43615,1.0
35122,43615,2.0
37035,43615,1.0
36052,43615,1.0
36052N,43615,1.0
43606,43615,1.0
43613,43615,1.0
43614,43615,1.0
43615,43615,1.0
43624,43615,4.0
43625,43615,8.0
43626,43615,12.0
"24052-D:
5. Silver Whirley Pop + 2 RT 5 Packs",43615,2.0
19056,43615,1.0
37036,43615,1.0
38099,43615,1.0
18010,43615,1.0
19042,43615,1.0
19044T,43615,1.0
24011D,43615,1.0
35079,43615,1.0
35125,43615,1.0
35170,43615,2.0
36037,43615,1.0
37062,43615,2.0
38170,43615,1.0
38310,43615,1.0
37107,43615,1.0
39020,43615,1.0
19063T,43615,1.0
37034,43615,1.0
37205,43615,1.0
24101,43615-6PK,1.0
24101N,43615-6PK,1.0
43606,43703,1.0
43613,43703,1.0
43614,43703,1.0
43636,43703,4.0
43638,43703,8.0
43703,43703,1.0
35079,43703,1.0
35125,43703,1.0
35170,43703,2.0
37062,43703,2.0
38170,43703,1.0
38301,43703,1.0
38310,43703,1.0
"24066-D
25. WP MG/ RT, LSLO & KK Kits/ Funtime Bowl",43800,1.0
WAR45077,43800,2.0
35170,43800,4.0
19050,43800,1.0
19051,43800,1.0
43606,43805,1.0
43613,43805,1.0
43614,43805,1.0
43805,43805,1.0
43806,43805,4.0
43807,43805,8.0
43808,43805,12.0
35125,43805,1.0
37062,43805,2.0
38310,43805,1.0
19050,43901,1.0
19051,43901,1.0
24107N,43905,1.0
43613,43905,1.0
43905,43905,1.0
43906,43905,4.0
43907,43905,8.0
43908,43905,12.0
24107,43905,1.0
37062,43905,2.0
18045,41402,1.0
41304,41402,1.0
41402,41402,1.0
41415,41402,1.0
38301,41402,1.0
41304,41403,1.0
41403,41403,1.0
41415,41403,1.0
38301,41403,1.0
38160,41405,1.0
41405,41405,1.0
38160,41406,1.0
41406,41406,1.0
18019,41406,1.0
41413PT - 2lb Yellow Burlap Plain w/ tree and tag,41413,1.0
28049-D,41413,1.0
38158,41413,1.0
23049-D,41413,1.0
24049-D,41413,1.0
26049-D,41413,1.0
18045,41414,1.0
41414,41414,1.0
41415,41414,1.0
18046,41414,1.0
18047,41414,1.0
41420,41420,1.0
WAR45078,41420,1.0
41421,41421,1.0
WAR45078,41421,1.0
41423,41423,1.0
WAR45078,41423,1.0
38034,41424-8PK,1.0
41424-8PK,41424-8PK,1.0
41427,41424-8PK,1.0
38156,41424-8PK,1.0
38066W,41424-8PK,1.0
38034,41425-8PK,1.0
41425-8PK,41425-8PK,1.0
41427,41425-8PK,1.0
18008,41425-8PK,1.0
38156,41425-8PK,1.0
41435,41435,1.0
41439,41435,1.0
41436,41436,1.0
41439,41436,2.0
41438,41438,1.0
41439,41438,1.0
18045,42500,1.0
41303,42500,1.0
41307,42500,1.0
42500,42500,1.0
35129,42502,1.0
41303,42502,1.0
41407,42502,1.0
42502,42502,1.0
38301,42502,1.0
38306,43507,1.0
35130,43507,1.0
38048-D,43507,1.0
41307,43507,1.0
42507,43507,1.0
38310,43507,1.0
36064,42510,3.0
37104,42510,1.0
41306,42510,1.0
19043,42510,1.0
38044-D,42510,1.0
36005,42510,1.0
36065,42511,3.0
37104,42511,1.0
41306,42511,1.0
36005,42511,1.0
36066,42513,3.0
37104,42513,1.0
41306,42513,1.0
36005,42513,1.0
38089,41428,1.0
42515-3,41428,3.0
42515S,41428,1.0
42535,41428,1.0
37201,41428,1.0
19061,41428,1.0
37105,41428,1.0
41428,41428,1.0
41428-3,41428,3.0
42410,42516,1.0
42411,42516,1.0
42412,42516,1.0
42413,42516,1.0
42415,42516,4.0
42516-3,42516,3.0
42516S,42516,1.0
42535,42516,1.0
28048-D,42516,1.0
37201,42516,1.0
23048-D,42516,1.0
24048-D,42516,1.0
26048-D,42516,1.0
37105,42516,1.0
37043,42517,1.0
42517S,42517,1.0
42517S-3,42517,3.0
42535,42517,1.0
28048-D,42517,1.0
23048-D,42517,1.0
24048-D,42517,1.0
38167,42517,1.0
26048-D,42517,1.0
37105,42517,1.0
41429,42515,1.0
42535,42515,1.0
37105,42515,1.0
18011,42518,3.0
19016,42518,3.0
42518-3,42518,3.0
23021-D,42518,1.0
28043-D,"42530, 42533",1.0
23043-D,"42530, 42533",1.0
24043-D,"42530, 42533",1.0
26043-D,"42530, 42533",1.0
38185,"42530, 42533",1.0
42528,"42530, 42533",1.0
42530,"42530, 42533",1.0
42533,"42530, 42533",1.0
28044-D,"42530, 42533",1.0
28042-D,"42530, 42533",1.0
23042-D,"42530, 42533",1.0
23044-D,"42530, 42533",1.0
24042-D,"42530, 42533",1.0
24044-D,"42530, 42533",1.0
37075,"42530, 42533",1.0
24109D,"42530, 42533",2.0
26044-D,"42530, 42533",1.0
26042-D,"42530, 42533",1.0
36062,"42530, 42533",1.0
38180,"42530, 42533",2.0
23030-D,"42531, 42532",1.0
38088,"42531, 42532",1.0
42531,"42531, 42532",1.0
42532,"42531, 42532",1.0
"24064-D
20.  WP MG/ Jingle & Love Popcorn Jars/ Cooke Dough Seas/ 2 Black Pop open tubs","42531, 42532",2.0
28037-D,"42531, 42532",1.0
19041,"42531, 42532",2.0
24037-D,"42531, 42532",1.0
26037-D,"42531, 42532",1.0
36062,"42531, 42532",2.0
42537-3,42537,3.0
18042,43501,1.0
41303,43501,1.0
41307,43501,1.0
41407,43501,1.0
43501,43501,1.0
18042,43503,1.0
35130,43503,1.0
36002,43503,1.0
41304,43503,1.0
41407,43503,1.0
43503,43503,1.0
18042,43504,1.0
35130,43504,1.0
36002,43504,1.0
43504,43504,1.0
18043,43504,1.0
18044,43504,1.0
38306,43506,1.0
35129,43506,1.0
36002,43506,1.0
38048-D,43506,1.0
41305,43506,1.0
43506,43506,1.0
28040-D,43506,1.0
23040-D,43506,1.0
24040-D,43506,1.0
38310,43506,1.0
26040-D,43506,1.0
27102,43506,1.0
19065,43506,1.0
"24054-D
7. Whirley Pop/2lb Yellow/16oz RT Oil/Scoop/1 med & 2 sm Nostalgic",43506-RK,1.0
41305,43507,1.0
18022,43508,1.0
35129,43508,1.0
41305,43508,1.0
43508,43508,1.0
38310,43508,1.0
28014D,43508,1.0
19060,43508,1.0
43509,43509,1.0
WAR45079,43509,1.0
45025,45025,1.0
"24059-D
13.  Silver Metal Gear with mini jug oil and kernels",45025,1.0
38161,45025,1.0
38165,45025,1.0
46389,46389,1.0
46390,46390,1.0
46400,46400,1.0
46401,46401,1.0
46402,46402,1.0
46403,46403,1.0
46404,46404,1.0
19005,46404,1.0
46405,46408,1.0
46408,46408,1.0
46008,46409,1.0
46409,46409,1.0
36024,46409,1.0
36012,46409,1.0
46410,46410,1.0
46411,46411,1.0
38043,77700,1.0
26014D,77700,1.0
77704,77700,1.0
77700,77700,1.0
38163,77700,1.0
38051-D,77700,1.0
35119,77262,1.0
38166,77262,1.0
77262,77262,1.0
38305,77262,1.0
38048-D,77262,1.0
19042,77262,1.0
35110,77262,1.0
38301,77262,1.0
38310,77262,1.0
19049,77262,1.0
38179,77262,1.0
23022-D,77262,1.0
19065,77262,1.0
38157,77262-3,1.0
WAR45079,77262-3,1.0
38161,77262-3,1.0
18019,77262-3,1.0
38305,77267,1.0
77267,77267,1.0
35129,77267,1.0
"24054-D
7. Whirley Pop/2lb Yellow/16oz RT Oil/Scoop/1 med & 2 sm Nostalgic",77267,1.0
28040-D,77267,1.0
23040-D,77267,1.0
24040-D,77267,1.0
35079,77267,1.0
38310,77267,1.0
26040-D,77267,1.0
38305,77271,1.0
77271,77271,1.0
35130,77271,1.0
18043,77271,1.0
18046,77271,1.0
35110,77271,1.0
38301,77271,1.0
18044,77271,1.0
18047,77271,1.0
38029,77271,1.0
38157,77271-3,1.0
"24056-D
10.  Whirley Pop with/ Santa & Reindeer Holiday Popcorn Tubes/ 4 - 1oz Season/ 4 Reindeer Pop Open & 3oz Classic Blend",77271-3,1.0
WAR45078,77271-3,1.0
38161,77271-3,1.0
18020,77271-3,1.0
19043,77271-3,1.0
18019,77271-3,1.0
38305,77276,1.0
77276,77276,1.0
24109D,77276,1.0
28014D,77276,1.0
19060,77276,1.0
38040,77277-8PK,1.0
19016,77277-8PK,1.0
38034,77277-8PK,1.0
41427,77277-8PK,1.0
18008,77277-8PK,1.0
38156,77277-8PK,1.0
38158,77277-8PK,1.0
27102,77277-8PK,1.0
77278,77278,1.0
46008,77278,1.0
38047-D,77278,1.0
38088,77701,1.0
26014D,77701,1.0
77704,77701,1.0
77701,77701,1.0
28049-D,77701,1.0
23049-D,77701,1.0
24049-D,77701,1.0
38163,77701,1.0
26049-D,77701,1.0
38051-D,77701,1.0
38089,77283,1.0
24027-D,77283,1.0
77283,77283,1.0
WAR45076,77283,1.0
19005,77283,1.0
37105,77283,1.0
28029-D,77304-1,1.0
42527-GS,77304-1,1.0
38091,77802-1,1.0
42527-GS,77802-1,1.0
"24056-D
10.  Whirley Pop with/ Santa & Reindeer Holiday Popcorn Tubes/ 4 - 1oz Season/ 4 Reindeer Pop Open & 3oz Classic Blend",77802-1,1.0
28029-D,77803V-1,1.0
23029-D,77803V-1,1.0
38094,77803V-1,1.0
24029-D,77803V-1,1.0
38157,77803V-1,1.0
26029-D,77803V-1,1.0
"24056-D
10.  Whirley Pop with/ Santa & Reindeer Holiday Popcorn Tubes/ 4 - 1oz Season/ 4 Reindeer Pop Open & 3oz Classic Blend",77803V-1,1.0
"24057-D
11. Whirley Pop w/ MG & Snowman Tube/ 3 -1oz/2 Large Red/White Tub",77803V-1,1.0
"24061-D
15.  WP MG/Santa, Snowman & Reindeer Holiday Tubes, 3 - 1oz Season",77803V-1,1.0
"24062-D
17. WP MG/ 12 Days Popcorn Advent Book/1 oz - Ranch & MT",77803V-1,1.0
WAR45076,77803V-1,1.0
38161,77803V-1,1.0
18019,77803V-1,1.0
19050,77803V-1,1.0
19051,77803V-1,1.0
38049-D,77803V-1,1.0
38029,77803V-1,1.0
28029-D,77805V,1.0
23029-D,77805V,1.0
24029-D,77805V,1.0
26029-D,77805V,1.0
"24057-D
11. Whirley Pop w/ MG & Snowman Tube/ 3 -1oz/2 Large Red/White Tub",77805V,1.0
"24061-D
15.  WP MG/Santa, Snowman & Reindeer Holiday Tubes, 3 - 1oz Season",77805V,1.0
19050,77805V,1.0
19051,77805V,1.0
38049-D,77805V,1.0
"24056-D
10.  Whirley Pop with/ Santa & Reindeer Holiday Popcorn Tubes/ 4 - 1oz Season/ 4 Reindeer Pop Open & 3oz Classic Blend",77807-1,1.0
"24057-D
11. Whirley Pop w/ MG & Snowman Tube/ 3 -1oz/2 Large Red/White Tub",77807-1,1.0
"24062-D
17. WP MG/ 12 Days Popcorn Advent Book/1 oz - Ranch & MT",77807-1,1.0
WAR45076,77807-1,1.0
38093,77807-1,1.0
28029-D,77808-1,1.0
23029-D,77808-1,1.0
24029-D,77808-1,1.0
26029-D,77808-1,1.0
38092,77808-1,1.0
38029,77808-1,1.0
42527-GS,77809-1,1.0
"24061-D
15.  WP MG/Santa, Snowman & Reindeer Holiday Tubes, 3 - 1oz Season",77809-1,1.0
28029-D,77821-1,1.0
23029-D,77821-1,1.0
24029-D,77821-1,1.0
26029-D,77821-1,1.0
"24056-D
10.  Whirley Pop with/ Santa & Reindeer Holiday Popcorn Tubes/ 4 - 1oz Season/ 4 Reindeer Pop Open & 3oz Classic Blend",77821-1,1.0
38165,77821-1,1.0
19050,77821-1,1.0
19051,77821-1,1.0
38049-D,77821-1,1.0
77417,77511,1.0
77511,77511,1.0
"24063-D
18. WP MG/ 6oz Mushroom/ Caramel & Blue Rasp Glaze",77511,1.0
28046-D,77511,1.0
28014D,77511,1.0
38044-D,77511,1.0
77512,77512,1.0
77417,77512,1.0
28014D,77512,1.0
38044-D,77512,1.0
77417,77514,1.0
77514,77514,1.0
28046-D,77514,1.0
24109D,77514,1.0
28014D,77514,1.0
38044-D,77514,1.0
77417,77513,1.0
77513,77513,1.0
"24063-D
18. WP MG/ 6oz Mushroom/ Caramel & Blue Rasp Glaze",77513,1.0
28046-D,77513,1.0
28014D,77513,1.0
38044-D,77513,1.0
18022,77511,4.0
"45039:
2.  Sweet Glaze popcorn Coating Kit",77511,3.0
28044-D,77511,2.0
23044-D,77511,2.0
23046-D,77511,3.0
24044-D,77511,2.0
24046-D,77511,3.0
26044-D,77511,2.0
26046-D,77511,3.0
19005,77511,4.0
19060,77511,1.0
77010,77010,1.0
19016,77010,1.0
28050-D,77010,1.0
38158,77010,1.0
23050-D,77010,1.0
24050-D,77010,1.0
26050-D,77010,1.0
26014D,77702,1.0
38052-D,77702,1.0
77702,77702,1.0
77704,77702,1.0
28048-D,77702,1.0
28049-D,77702,1.0
23048-D,77702,1.0
23049-D,77702,1.0
24048-D,77702,1.0
24049-D,77702,1.0
38163,77702,1.0
38167,77702,1.0
26048-D,77702,1.0
26049-D,77702,1.0
38051-D,77702,1.0
26014D,77703,1.0
38052-D,77703,1.0
77704,77703,1.0
77703,77703,1.0
38051-D,77703,1.0
38043,77706,1.0
38052-D,77706,1.0
77706,77706,1.0
38163,77706,1.0
39041,77800,1.0
77800,77800,1.0
39044,77800,1.0
38050-D,77800,1.0
18010,77800,1.0
35089-GS,77800,1.0
35110,77800,1.0
38310,77800,1.0
23022-D,77800,1.0
77801,77801,1.0
77153 - updated,77801,1.0
23021-D,77801,1.0
39020,77801,1.0
35010-GS,77802,1.0
77152 - updated,77802,1.0
77154 - updated,77802,1.0
77155 - updated,77802,1.0
77156 - updated,77802,1.0
77157 - updated,77802,1.0
77802,77802,1.0
38048-D,77802,1.0
38185,77802,1.0
77153 - updated,77802,1.0
WAR45079,77802,1.0
28042-D,77802,1.0
23042-D,77802,1.0
24042-D,77802,1.0
35125,77802,1.0
26042-D,77802,1.0
19065,77802,1.0
35010-GS,77803,1.0
77152 - updated,77803,1.0
77803,77803,1.0
38048-D,77803,1.0
38185,77803,1.0
46008,77803,1.0
3. Seasoning Duos,77803,2.0
WAR45078,77803,1.0
28040-D,77803,1.0
28042-D,77803,1.0
28051-D,77803,1.0
23021-D,77803,1.0
23040-D,77803,1.0
23042-D,77803,1.0
23051-D,77803,1.0
18043,77803,1.0
24040-D,77803,1.0
24042-D,77803,1.0
24051-D,77803,1.0
35079,77803,1.0
26040-D,77803,1.0
26042-D,77803,1.0
26051-D,77803,1.0
27102,77803,1.0
18044,77803,1.0
19065,77803,1.0
38013,77803,1.0
35010-GS,77804,1.0
77155 - updated,77804,1.0
77610 - updated,77804,1.0
77834,77804,1.0
18044,77804,1.0
35010-GS,77805,1.0
77157 - updated,77805,1.0
77158 - updated,77805,1.0
77610 - updated,77805,1.0
77805,77805,1.0
35125,77805,1.0
35010-GS,77807,1.0
77152 - updated,77807,1.0
77156 - updated,77807,1.0
77159 - updated,77807,1.0
77160 - updated,77807,1.0
77610 - updated,77807,1.0
77807,77807,1.0
18046,77807,1.0
35125,77807,1.0
39020,77807,1.0
18047,77807,1.0
19065,77807,1.0
38013,77807,1.0
77159 - updated,77808,1.0
77808,77808,1.0
77813DS - updated,77808,1.0
44406,77808,1.0
38159,77808,1.0
24020-D,77808,1.0
38047-D,77808,1.0
38042,77809,1.0
77154 - updated,77809,1.0
46010 - updated,77809,1.0
77809,77809,1.0
44406,77809,1.0
24020-D,77809,1.0
38162,77809,1.0
38047-D,77809,1.0
19065,77809,1.0
37029,77811,1.0
77811DS,77811,1.0
35010-GS,77816,1.0
38041 - updated,77816,1.0
46010 - updated,77816,1.0
77816,77816,1.0
38159,77816,1.0
38173,77816,1.0
77818,77818,1.0
38162,77818,1.0
38173,77818,1.0
19065,77818,1.0
18011,77821,1.0
38042,77821,1.0
77813DS - updated,77821,1.0
77821,77821,1.0
38159,77821,1.0
19065,77821,1.0
38088,77824,1.0
38028,77824,1.0
38041 - updated,77824,1.0
77824,77824,1.0
38071-D,77824,1.0
19043,77824,1.0
38173,77824,1.0
35010-GS,77826,1.0
38041 - updated,77826,1.0
38042,77826,1.0
77158 - updated,77826,1.0
77826,77826,1.0
"24064-D
20.  WP MG/ Jingle & Love Popcorn Jars/ Cooke Dough Seas/ 2 Black Pop open tubs",77826,1.0
WAR45077,77826,1.0
28019-D,77826,1.0
19043,77826,1.0
38094,17002,1.0
37029,17002,1.0
37032,17002,1.0
37035,17002,1.0
17002-400,17002,50.0
17002-800,17002,100.0
17002-96,17002,8.0
17002DS,17002,1.0
WAR45080,17002,1.0
35079,17002,1.0
38310,17002,1.0
37034,17002,1.0
38013,17002,1.0
17008,17002,1.0
36008,17002,1.0
28047-D,17009,1.0
38087,17009,1.0
23047-D,17009,1.0
24047-D,17009,1.0
26047-D,17009,1.0
35088,17009,30.5
17009DS,17009,1.0
28040-D,17009,1.0
37036,17009,1.0
38092,17009,1.0
23040-D,17009,1.0
38168,17009,1.0
24011D,17009,1.0
24040-D,17009,1.0
24110,17009,1.0
38062-D,17009,1.0
19049,17009,1.0
19050,17009,1.0
26040-D,17009,1.0
38093,17009,1.0
38091,17011,1.0
B17011,17011,1.0
"24064-D
20.  WP MG/ Jingle & Love Popcorn Jars/ Cooke Dough Seas/ 2 Black Pop open tubs",17011,1.0
38164,17011,1.0
38174,17011,1.0
38165,17011,1.0
"24055-D
9. WP MG/  Pop’n Sprinkle /4 Black Pop Open",17011D,1.0
"24056-D
10.  Whirley Pop with/ Santa & Reindeer Holiday Popcorn Tubes/ 4 - 1oz Season/ 4 Reindeer Pop Open & 3oz Classic Blend",17011D,1.0
"24060-D
14. WP MG/12 Days of Popcorn Seasoning Advent Calendar & Tin Soldier /4 Black Pop Open",17011D,1.0
28039-D,16628,2.0
23039-D,16628,2.0
24039-D,16628,2.0
26039-D,16628,2.0
16607-85,16628,85.0
28035-D,16626,4.0
38096,16626,4.0
23035-D,16626,4.0
38095,16626,4.0
24035-D,16626,4.0
38098,16626,4.0
26035-D,16626,4.0
38097,16626,4.0
16603-32,16626,32.0
36009,16626,10.0
36010,16626,20.0
44051YEL,44051YEL,1.0
"24066-D
25. WP MG/ RT, LSLO & KK Kits/ Funtime Bowl",44051YEL,1.0
28046-D,44051YEL,1.0
23046-D,44051YEL,1.0
24046-D,44051YEL,1.0
35089-GS,44051YEL,1.0
38301,44051YEL,1.0
26046-D,44051YEL,1.0
44062DS,44062,1.0
35119,44094,1.0
36007DS,44094,1.0
44094,44094,1.0
19044T,44094,1.0
35125,44094,1.0
36008,44094,1.0
37072,44095,1.0
44095,44095,1.0
35119,44096,2.0
37108,44096,4.0
36007DS,44096,5.0
37072,44096,2.0
44096,44096,1.0
19044T,44096,4.0
35125,44096,4.0
44101,44101,1.0
44104,44101,1.0
45126-D,44101,1.0
39020,44101,1.0
38013,44101,1.0
44116,44116,1.0
44120,44116,1.0
44402-D,44116,1.0
36002,44117,1.0
44117,44117,1.0
44122,44117,1.0
44403-D,44117,1.0
26014D,44127,1.0
44127,44127,1.0
44131,44127,1.0
44327,44127,1.0
19050,44127,1.0
19051,44127,1.0
38049-D,44127,1.0
44128,44128,1.0
44131,44128,1.0
35006-D,44128,1.0
35010-GS,44129,1.0
44129,44129,1.0
44131,44129,1.0
WAR45076,44129,2.0
WAR45073F,44129,1.0
18043,44129,1.0
19066,44129,1.0
38166,44132,1.0
44132,44132,1.0
44332,44132,1.0
44405-D,44132,1.0
44133,44133,1.0
44333,44133,1.0
44404-D,44133,1.0
19056,44133,1.0
19042,44134,1.0
19065,44134,1.0
28030-D,44203,2.0
23030-D,44203,2.0
24030-D,44203,2.0
38037,44203,4.0
44104,44203,4.0
44203,44203,1.0
45126-D,44203,4.0
26030-D,44203,2.0
26022-D,44203,4.0
39020,44203,4.0
37205,44203,4.0
37106,44216,4.0
44120,44216,4.0
44216,44216,1.0
44402-D,44216,4.0
36002,44217,3.0
44122,44217,4.0
44217,44217,1.0
44403-D,44217,4.0
44227,44227,1.0
44327,44227,3.0
"24053-D:
6. Whirley Pop/ 2 RT Kits/ Seeaon Reel/ 1 Lg Red/White Tub & 2 Sm Yellow Tubs",44227,2.0
38170,44227,2.0
19051,44227,4.0
19066,44227,2.0
38049-D,44227,1.0
38166,44232,2.0
44232,44232,1.0
44332,44232,4.0
44405-D,44232,4.0
44233,44233,1.0
44333,44233,4.0
44404-D,44233,4.0
24. Movie Night Popcorn Bar/  2 Individual Bowls,44233,2.0
19056,44233,4.0
37027,44303,1.0
26023-D,44303,1.0
19016,44303,1.0
37104,44303,1.0
38185,44303,1.0
44303,44303,1.0
"24058-D
12. WP MG/ Sweet Creations Carmel Corn Kit / SS Bowl",44303,1.0
28042-D,44303,1.0
23042-D,44303,1.0
18010,44303,1.0
24042-D,44303,1.0
35079,44303,1.0
38310,44303,1.0
26042-D,44303,1.0
28014D,44303,1.0
36005,44303,1.0
44406,44402,1.0
38031,44402,1.0
24028-D,44402,1.0
24024-D,44403,1.0
29010-D,44403,1.0
23018-D,44404,1.0
24021-D,45126,1.0
38032,45126,1.0
45069,45069,1.0
WAR45079,45069,2.0
36024,45069,1.0
35122,45091,1.0
36007RC-D,45091,1.0
45091,45091,1.0
WAR45080,45091,2.0
19063T,45091,1.0
45092,45092,1.0
24019D,45092,1.0
23019-D,45092,1.0
35122,45093,4.0
36007RC-D,45093,5.0
45093,45093,1.0
28051-D,45093,2.0
23051-D,45093,2.0
24019D,45093,2.0
24051-D,45093,2.0
26051-D,45093,2.0
23019-D,45093,4.0
19063T,45093,4.0
24022-D,45094,1.0
45094,45094,1.0
38179,45094,1.0
38034,45095,1.0
45095,45095,1.0
45096,45096,1.0
45097,45097,1.0
38099,45097,4.0
38044-D,45097,4.0
24022-D,45098,4.0
45098,45098,1.0
36007N-D,A45064,1.0
A45064,A45064,1.0
WAR45078,A45064,2.0
36037,A45064,1.0
38169,A45064,1.0
28043-D,B45064,2.0
23043-D,B45064,2.0
24043-D,B45064,2.0
26043-D,B45064,2.0
B45064,B45064,1.0
"24054-D
7. Whirley Pop/2lb Yellow/16oz RT Oil/Scoop/1 med & 2 sm Nostalgic",B45064,1.0
18046,B45064,1.0
18047,B45064,1.0
36007N-D,C45064,5.0
C45064,C45064,1.0
"24054-D
7. Whirley Pop/2lb Yellow/16oz RT Oil/Scoop/1 med & 2 sm Nostalgic",C45064,2.0
36037,C45064,2.0
37107,C45064,4.0
42542DS,42542,1.0
28013D,42545,1.0
24013D,42545,1.0
38075-D,42545,1.0
42545DS,42545,1.0
42548,42548,1.0
38025,42551,1.0
42551,42551,1.0
24110,42551,1.0
42550P,42550P,1.0
"24060-D
14. WP MG/12 Days of Popcorn Seasoning Advent Calendar & Tin Soldier /4 Black Pop Open",42550P,1.0
12 Days of Christmas Popcorn Seasoning Gift Box,42550P,1.0
28041-D,42550P,1.0
23041-D,42550P,1.0
24028-D,42550P,1.0
24041-D,42550P,1.0
26041-D,42550P,1.0
38019,42550P,1.0
42560-D,42560,1.0
38174,42560,1.0
37027,43910,1.0
23012,43910,1.0
18016,43910,1.0
43910DS,43910,1.0
44130DS,44130,1.0
26023-D,45021,1.0
45021-D,45021,1.0
45022-D,45022,1.0
24026-D,45022,1.0
38164,45022,1.0
26022-D,45022,1.0
45024,45024,1.0
38068-D,45024,1.0
38179,45024,1.0
45026,45026,1.0
38062-D,45026,1.0
45027,45027,1.0
24027-D,45031,1.0
38040,45031,1.0
45031-D,45031,1.0
38159,45031,1.0
38071-D,45032,1.0
24020-D,45032,1.0
23017,45032,1.0
45032-D,45032,1.0
45033,45033,1.0
28050-D,45033,1.0
28051-D,45033,1.0
23050-D,45033,1.0
23051-D,45033,1.0
24050-D,45033,1.0
24051-D,45033,1.0
26050-D,45033,1.0
26051-D,45033,1.0
45040W,45040W,1.0
28038-D,45040W,1.0
23038-D,45040W,1.0
24038-D,45040W,1.0
26038-D,45040W,1.0
45040DS,45040,1.0
38219,45040,1.0
26019D,45040,1.0
45040H,45040H,1.0
45040PDS,45040H,1.0
38168,45040H,1.0
26019D,45040H,1.0
28039-D,45049,1.0
23039-D,45049,1.0
24039-D,45049,1.0
26039-D,45049,1.0
45049DS,45049,1.0
39023,45051,1.0
45051DS,45051,1.0
45052DS,45052,1.0
45061DS,45061,1.0
39022,45061,1.0
45070DS,45070,1.0
45066-D,45066,1.0
45072-H,45072,1.0
45072DS,45072,1.0
45072-HW,45072-HW,1.0
24023-D,45072-HW,1.0
45075DS,45075,1.0
45078DS,45078,1.0
37211,45080,1.0
45080DS,45080,1.0
45080YB,45080,1.0
38162,45080,1.0
45132,45132,1.0
28046-D,45132,1.0
23046-D,45132,1.0
24046-D,45132,1.0
26046-D,45132,1.0
28039-D,45133,1.0
28043-D,45133,1.0
23039-D,45133,1.0
23043-D,45133,1.0
24039-D,45133,1.0
24043-D,45133,1.0
26039-D,45133,1.0
26043-D,45133,1.0
45133,45133,1.0
28047-D,45081,1.0
23047-D,45081,1.0
24022-D,45081,1.0
24047-D,45081,1.0
26047-D,45081,1.0
45081-D,45081,1.0
45081-H,45081,1.0
45101DS,45101,1.0
45102DS,45102,1.0
24015D,45102,1.0
38037,45104,1.0
45104DS,45104,1.0
38173,45104,1.0
45105DS,45105,1.0
24018D,45106,1.0
45106DS,45106,1.0
28018D,45109,1.0
18025,45109,1.0
45111DS,45109,1.0
38154,45109,1.0
19048,45109,1.0
38169,45109,1.0
19064,45109,1.0
45115DS,45109,1.0
45120-D,45120,1.0
45121,45121,1.0
24024-D,45121,1.0
19049,45121,1.0
26015D2,45121,1.0
35006-D,45121,1.0
45125-D,45125,1.0
28030-D,45131,1.0
23030-D,45131,1.0
38087,45131,1.0
24030-D,45131,1.0
38028,45131,1.0
38157,45131,1.0
26030-D,45131,1.0
45131,45131,1.0
38019,45131,1.0
38029,45131,1.0
36038,77309,2.0
37109,77309,1.0
77309DS,77309,1.0
"37109 (on web)
19. WP MG/ Movie Theater Duo",77309,1.0
77310DS,77310,1.0
77313PDS,77313P,1.0
77313DS,77313P,1.0
77314DS,77314P,1.0
77314PDS,77314P,1.0
77317DS,77317,1.0
"24065-D
21. WP MG/ Movie Marquee Set",77317,1.0
24019D,77317,1.0
77812,77812,1.0
28037-D,77812,1.0
23037-D,77812,1.0
38090,77812,1.0
38066W,77812,1.0
24037-D,77812,1.0
26037-D,77812,1.0
18007,45088/ 45089,1.0
27101-D,45088/ 45089,1.0
38160,45088/ 45089,1.0
45089DS,45088/ 45089,1.0
WAR45080,45088/ 45089,1.0
"42554:  
12 Days Popcorn Advent Book",42554,1.0
"24062-D
17. WP MG/ 12 Days Popcorn Advent Book/1 oz - Ranch & MT",42554,1.0
28041-D,42554,1.0
"42555:  
1. Sweet Creations Caramel Kit",42555,1.0
"24058-D
12. WP MG/ Sweet Creations Carmel Corn Kit / SS Bowl",42555,1.0
"42529
8. Pop’n Sprinkle Mystery Popcorn Kit",42529,1.0
"24055-D
9. WP MG/  Pop’n Sprinkle /4 Black Pop Open",42529,1.0
"42556:  
Jumbo Movie Night Popcorn Bar & Mix it Up Seasonings",42556,1.0
24. Movie Night Popcorn Bar/  2 Individual Bowls,42556,1.0
44135,44135,1.0
"24053-D:
6. Whirley Pop/ 2 RT Kits/ Seeaon Reel/ 1 Lg Red/White Tub & 2 Sm Yellow Tubs",44135,1.0
"24057-D
11. Whirley Pop w/ MG & Snowman Tube/ 3 -1oz/2 Large Red/White Tub",44135,2.0
77160 - updated,77836,1.0
77813DS - updated,77836,1.0
77836,77836,1.0
45029 - Mini Jug Classic Blend,45029,1.0
"24059-D
13.  Silver Metal Gear with mini jug oil and kernels",45029,1.0
"45039:
2.  Sweet Glaze popcorn Coating Kit",44060,1.0
"24063-D
18. WP MG/ 6oz Mushroom/ Caramel & Blue Rasp Glaze",44060,1.0
"24063-D
18. WP MG/ 6oz Mushroom/ Caramel & Blue Rasp Glaze",77317X,1.0
41413PT - 2lb Yellow Burlap Plain w/ tree and tag,45021T,1.0
38159,45021T,1.0
41413PT - 2lb Yellow Burlap Plain w/ tree and tag,H0026,1.0
23029-D,A0166,1.0
24029-D,A0166,1.0
26029-D,A0166,1.0
WAR45076,A0166,1.0
23021-D,A0166,1.0
37065,A41114,2.0
A41114-2,A41114,2.0
37065,A41115,2.0
A41115-2,A41115,2.0
18044,A41115,1.0
A41118,A41118,1.0
18046,A41118,1.0
18047,A41118,1.0
37064,A41113,1.0
A41113-2,A41113,2.0
37064,A41111,2.0
A41111-2,A41111,2.0
37064,A41110,1.0
A41110-2,A41110,2.0
WAR45077,44056,2.0
19043,44056,1.0
35079,A4105,1.0
35079,A4106,1.0
35110,A4106,1.0
35079,A4107,1.0
35110,A4107,1.0
38220,45045,1.0
19062,45045,1.0
17005DS,A17005,1.0
26019D,A17005,1.0
19062,A17005,1.0
45048DS,MISC,10.02
42547S,MISC,2.0
16074,MISC,3.34
16082,MISC,2.12
60019,MISC,2.55
60147,MISC,1.4
WAR45077,MISC,0.83
21007,MISC,1.0
16008,16009,40.0
16009,16009,1.0
16101,16009,3.0
36012,16009,1.0
77003,77003,1.0
77421,77421,1.0
36009,77421,1.0
36010,77421,1.0
77835,77835,1.0
77268,77268,1.0
36010,77268,1.0
42304,42304,1.0
42305,42305,1.0
42306,42306,1.0
42307,42307,1.0
42309,42309,1.0
42310,42310,1.0
42527-GS,42527,1.0
41387,41387,1.0
42514,42514,1.0
16100,16608,3.0
16608,16608,1.0
16609,16608,20.0
17008,17006,1.0
44406,C45079,1.0
16070,16070,1.0
16071,16071,12.99
60158,60158,1.0
41080,41080,1.0
A1004,A1004,1.0
WAR45076,42544W-1oz,8.0
WAR45076,42544U-1oz,8.0
WAR45076,42544Y,4.0
